{
	"class_name" : "PinholeCameraParameters",
	"extrinsic" : 
	[
		0.99350933873956471,
		-0.029299790406048368,
		-0.1099123110458263,
		0.0,
		-0.036591170486168646,
		-0.99721946818268303,
		-0.064918552971390861,
		0.0,
		-0.10770459637232283,
		0.06851900874654257,
		-0.99181896803835445,
		0.0,
		0.0085892288712015232,
		-0.014724263510996762,
		0.17390865341196676,
		1.0
	],
	"intrinsic" : 
	{
		"height" : 1000,
		"intrinsic_matrix" : 
		[
			866.02540378443871,
			0.0,
			0.0,
			0.0,
			866.02540378443871,
			0.0,
			499.5,
			499.5,
			1.0
		],
		"width" : 1000
	},
	"version_major" : 1,
	"version_minor" : 0
}